%time,field.header.seq,field.header.stamp,field.header.frame_id,field.level,field.name,field.msg,field.file,field.function,field.line,field.topics0
1494449908775207107,19,1494449907756131928,,2,/record_1494449905627013504,Subscribing to /rosout,/tmp/binarydeb/ros-indigo-rosbag-1.11.20/src/recorder.cpp,shared_ptr<ros::Subscriber> rosbag::Recorder::subscribe,209,/rosout
1494449908775224314,20,1494449907876857413,,2,/record_1494449905627013504,Subscribing to /mobile_base/debug/raw_data_command,/tmp/binarydeb/ros-indigo-rosbag-1.11.20/src/recorder.cpp,shared_ptr<ros::Subscriber> rosbag::Recorder::subscribe,209,/rosout
1494449908775256797,21,1494449907924457955,,2,/record_1494449905627013504,Subscribing to /mobile_base/sensors/imu_data_raw,/tmp/binarydeb/ros-indigo-rosbag-1.11.20/src/recorder.cpp,shared_ptr<ros::Subscriber> rosbag::Recorder::subscribe,209,/rosout
1494449908775279025,22,1494449907978292861,,2,/record_1494449905627013504,Subscribing to /mobile_base/sensors/dock_ir,/tmp/binarydeb/ros-indigo-rosbag-1.11.20/src/recorder.cpp,shared_ptr<ros::Subscriber> rosbag::Recorder::subscribe,209,/rosout
1494449908775313295,23,1494449908025617404,,2,/record_1494449905627013504,Subscribing to /rosout_agg,/tmp/binarydeb/ros-indigo-rosbag-1.11.20/src/recorder.cpp,shared_ptr<ros::Subscriber> rosbag::Recorder::subscribe,209,/rosout
1494449908775334865,4,1494449897248470981,,2,/mobile_base,/mobile_base/odom -> /odom,/tmp/buildd/ros-indigo-nodelet-1.9.2-0trusty-20141125-0615/src/nodelet.cpp,loadNodelet,201,/rosout
1494449908775342368,16,1494449904358569914,,4,/mobile_base_nodelet_manager,Kobuki : Incoming velocity commands not received for more than 0.60 seconds -> zero'ing velocity commands,/tmp/buildd/ros-indigo-kobuki-node-0.6.5-0trusty-20141204-0359/src/library/kobuki_ros.cpp,KobukiRos::update,262,/rosout,/tf,/diagnostics,/joint_states,/mobile_base/version_info,/mobile_base/controller_info,/mobile_base/events/button,/mobile_base/events/bumper,/mobile_base/events/cliff,/mobile_base/events/wheel_drop,/mobile_base/events/power_system,/mobile_base/events/digital_input,/mobile_base/events/robot_state,/mobile_base/sensors/core,/mobile_base/sensors/dock_ir,/mobile_base/sensors/imu_data,/mobile_base/sensors/imu_data_raw,/mobile_base/debug/raw_data_command,/mobile_base/debug/raw_data_stream,/mobile_base/debug/raw_control_command,/odom,/mobile_base_nodelet_manager/bond,/cmd_vel_mux/parameter_descriptions,/cmd_vel_mux/parameter_updates,/mobile_base/commands/velocity,/cmd_vel_mux/active,/cmd_vel_mux/safety_controller,/keyop_vel_smoother/parameter_descriptions,/keyop_vel_smoother/parameter_updates,/cmd_vel_mux/keyboard_teleop
1494449908775382166,24,1494449908090600790,,2,/record_1494449905627013504,Subscribing to /mobile_base/events/bumper,/tmp/binarydeb/ros-indigo-rosbag-1.11.20/src/recorder.cpp,shared_ptr<ros::Subscriber> rosbag::Recorder::subscribe,209,/rosout
1494449908776837607,4,1494449902722584921,,2,/kobuki_safety_controller,/kobuki_safety_controller/events/wheel_drop -> /mobile_base/events/wheel_drop,/tmp/buildd/ros-indigo-nodelet-1.9.2-0trusty-20141125-0615/src/nodelet.cpp,loadNodelet,201,/rosout
1494449908776907403,3,1494449902970160359,,2,/keyop_vel_smoother,/keyop_vel_smoother/smooth_cmd_vel -> /cmd_vel_mux/keyboard_teleop,/tmp/buildd/ros-indigo-nodelet-1.9.2-0trusty-20141125-0615/src/nodelet.cpp,loadNodelet,201,/rosout
1494449908776946435,1,1494449902481684663,,2,/cmd_vel_mux,/cmd_vel_mux/output -> /mobile_base/commands/velocity,/tmp/buildd/ros-indigo-nodelet-1.9.2-0trusty-20141125-0615/src/nodelet.cpp,loadNodelet,201,/rosout
1494449908777003799,6,1494449907964376213,,4,/keyop,KeyOp: Device has already been powered up.,/tmp/buildd/ros-indigo-kobuki-keyop-0.6.5-0trusty-20141202-0955/src/keyop_core.cpp,KeyOpCore::enable,396,/rosout,/keyop_vel_smoother/raw_cmd_vel,/mobile_base/commands/motor_power
1494449908777048972,25,1494449908143332199,,2,/record_1494449905627013504,Subscribing to /cmd_vel_mux/keyboard_teleop,/tmp/binarydeb/ros-indigo-rosbag-1.11.20/src/recorder.cpp,shared_ptr<ros::Subscriber> rosbag::Recorder::subscribe,209,/rosout
1494449908777088153,26,1494449908200127983,,2,/record_1494449905627013504,Subscribing to /mobile_base/commands/velocity,/tmp/binarydeb/ros-indigo-rosbag-1.11.20/src/recorder.cpp,shared_ptr<ros::Subscriber> rosbag::Recorder::subscribe,209,/rosout
1494449908777115802,27,1494449908267079289,,2,/record_1494449905627013504,Subscribing to /diagnostics_toplevel_state,/tmp/binarydeb/ros-indigo-rosbag-1.11.20/src/recorder.cpp,shared_ptr<ros::Subscriber> rosbag::Recorder::subscribe,209,/rosout
1494449908777164053,28,1494449908314484170,,2,/record_1494449905627013504,Subscribing to /mobile_base/controller_info,/tmp/binarydeb/ros-indigo-rosbag-1.11.20/src/recorder.cpp,shared_ptr<ros::Subscriber> rosbag::Recorder::subscribe,209,/rosout
1494449908777199529,29,1494449908376258255,,2,/record_1494449905627013504,Subscribing to /mobile_base/commands/motor_power,/tmp/binarydeb/ros-indigo-rosbag-1.11.20/src/recorder.cpp,shared_ptr<ros::Subscriber> rosbag::Recorder::subscribe,209,/rosout
1494449908777250922,30,1494449908424573259,,2,/record_1494449905627013504,Subscribing to /mobile_base/events/cliff,/tmp/binarydeb/ros-indigo-rosbag-1.11.20/src/recorder.cpp,shared_ptr<ros::Subscriber> rosbag::Recorder::subscribe,209,/rosout
1494449908777557189,31,1494449908482659770,,2,/record_1494449905627013504,Subscribing to /keyop_vel_smoother/raw_cmd_vel,/tmp/binarydeb/ros-indigo-rosbag-1.11.20/src/recorder.cpp,shared_ptr<ros::Subscriber> rosbag::Recorder::subscribe,209,/rosout
1494449908777571845,32,1494449908526921906,,2,/record_1494449905627013504,Subscribing to /mobile_base/sensors/imu_data,/tmp/binarydeb/ros-indigo-rosbag-1.11.20/src/recorder.cpp,shared_ptr<ros::Subscriber> rosbag::Recorder::subscribe,209,/rosout
1494449908777826185,33,1494449908589306710,,2,/record_1494449905627013504,Subscribing to /mobile_base_nodelet_manager/bond,/tmp/binarydeb/ros-indigo-rosbag-1.11.20/src/recorder.cpp,shared_ptr<ros::Subscriber> rosbag::Recorder::subscribe,209,/rosout
1494449908777955055,34,1494449908650257697,,2,/record_1494449905627013504,Subscribing to /mobile_base/version_info,/tmp/binarydeb/ros-indigo-rosbag-1.11.20/src/recorder.cpp,shared_ptr<ros::Subscriber> rosbag::Recorder::subscribe,209,/rosout
1494449908778040428,35,1494449908719497896,,2,/record_1494449905627013504,Subscribing to /diagnostics_agg,/tmp/binarydeb/ros-indigo-rosbag-1.11.20/src/recorder.cpp,shared_ptr<ros::Subscriber> rosbag::Recorder::subscribe,209,/rosout
1494449908804821627,17,1494449908858579264,,4,/mobile_base_nodelet_manager,Kobuki : Incoming velocity commands not received for more than 0.60 seconds -> zero'ing velocity commands,/tmp/buildd/ros-indigo-kobuki-node-0.6.5-0trusty-20141204-0359/src/library/kobuki_ros.cpp,KobukiRos::update,262,/rosout,/tf,/diagnostics,/joint_states,/mobile_base/version_info,/mobile_base/controller_info,/mobile_base/events/button,/mobile_base/events/bumper,/mobile_base/events/cliff,/mobile_base/events/wheel_drop,/mobile_base/events/power_system,/mobile_base/events/digital_input,/mobile_base/events/robot_state,/mobile_base/sensors/core,/mobile_base/sensors/dock_ir,/mobile_base/sensors/imu_data,/mobile_base/sensors/imu_data_raw,/mobile_base/debug/raw_data_command,/mobile_base/debug/raw_data_stream,/mobile_base/debug/raw_control_command,/odom,/mobile_base_nodelet_manager/bond,/cmd_vel_mux/parameter_descriptions,/cmd_vel_mux/parameter_updates,/mobile_base/commands/velocity,/cmd_vel_mux/active,/cmd_vel_mux/safety_controller,/keyop_vel_smoother/parameter_descriptions,/keyop_vel_smoother/parameter_updates,/cmd_vel_mux/keyboard_teleop
1494449915428746185,7,1494449915483294459,,2,/keyop,KeyOp: angular velocity decremented [0|-0.33],/tmp/buildd/ros-indigo-kobuki-keyop-0.6.5-0trusty-20141202-0955/src/keyop_core.cpp,KeyOpCore::decrementAngularVelocity,468,/rosout,/keyop_vel_smoother/raw_cmd_vel,/mobile_base/commands/motor_power
1494449916001009236,8,1494449916055881979,,2,/keyop,KeyOp: angular velocity decremented [0|-0.66],/tmp/buildd/ros-indigo-kobuki-keyop-0.6.5-0trusty-20141202-0955/src/keyop_core.cpp,KeyOpCore::decrementAngularVelocity,468,/rosout,/keyop_vel_smoother/raw_cmd_vel,/mobile_base/commands/motor_power
1494449916342646166,9,1494449916394359077,,2,/keyop,KeyOp: angular velocity decremented [0|-0.99],/tmp/buildd/ros-indigo-kobuki-keyop-0.6.5-0trusty-20141202-0955/src/keyop_core.cpp,KeyOpCore::decrementAngularVelocity,468,/rosout,/keyop_vel_smoother/raw_cmd_vel,/mobile_base/commands/motor_power
1494449916745717620,10,1494449916795766197,,2,/keyop,KeyOp: angular velocity decremented [0|-1.32],/tmp/buildd/ros-indigo-kobuki-keyop-0.6.5-0trusty-20141202-0955/src/keyop_core.cpp,KeyOpCore::decrementAngularVelocity,468,/rosout,/keyop_vel_smoother/raw_cmd_vel,/mobile_base/commands/motor_power
1494449917307611394,11,1494449917361867236,,2,/keyop,KeyOp: angular velocity incremented [0|-0.99],/tmp/buildd/ros-indigo-kobuki-keyop-0.6.5-0trusty-20141202-0955/src/keyop_core.cpp,KeyOpCore::incrementAngularVelocity,449,/rosout,/keyop_vel_smoother/raw_cmd_vel,/mobile_base/commands/motor_power
1494449917921054757,12,1494449917976039483,,2,/keyop,KeyOp: angular velocity incremented [0|-0.66],/tmp/buildd/ros-indigo-kobuki-keyop-0.6.5-0trusty-20141202-0955/src/keyop_core.cpp,KeyOpCore::incrementAngularVelocity,449,/rosout,/keyop_vel_smoother/raw_cmd_vel,/mobile_base/commands/motor_power
1494449918250381708,13,1494449918304979615,,2,/keyop,KeyOp: angular velocity incremented [0|-0.33],/tmp/buildd/ros-indigo-kobuki-keyop-0.6.5-0trusty-20141202-0955/src/keyop_core.cpp,KeyOpCore::incrementAngularVelocity,449,/rosout,/keyop_vel_smoother/raw_cmd_vel,/mobile_base/commands/motor_power
1494449918757337494,14,1494449918812270189,,2,/keyop,KeyOp: angular velocity incremented [0|1.11022e-16],/tmp/buildd/ros-indigo-kobuki-keyop-0.6.5-0trusty-20141202-0955/src/keyop_core.cpp,KeyOpCore::incrementAngularVelocity,449,/rosout,/keyop_vel_smoother/raw_cmd_vel,/mobile_base/commands/motor_power
1494449919263191858,15,1494449919318123142,,2,/keyop,KeyOp: linear  velocity incremented [0.05|1.11022e-16],/tmp/buildd/ros-indigo-kobuki-keyop-0.6.5-0trusty-20141202-0955/src/keyop_core.cpp,KeyOpCore::incrementLinearVelocity,411,/rosout,/keyop_vel_smoother/raw_cmd_vel,/mobile_base/commands/motor_power
1494449919907037636,16,1494449919957986641,,2,/keyop,KeyOp: linear  velocity incremented [0.1|1.11022e-16],/tmp/buildd/ros-indigo-kobuki-keyop-0.6.5-0trusty-20141202-0955/src/keyop_core.cpp,KeyOpCore::incrementLinearVelocity,411,/rosout,/keyop_vel_smoother/raw_cmd_vel,/mobile_base/commands/motor_power
1494449920104217678,17,1494449920159271108,,2,/keyop,KeyOp: linear  velocity incremented [0.15|1.11022e-16],/tmp/buildd/ros-indigo-kobuki-keyop-0.6.5-0trusty-20141202-0955/src/keyop_core.cpp,KeyOpCore::incrementLinearVelocity,411,/rosout,/keyop_vel_smoother/raw_cmd_vel,/mobile_base/commands/motor_power
1494449920267520682,18,1494449920322521863,,2,/keyop,KeyOp: linear  velocity incremented [0.2|1.11022e-16],/tmp/buildd/ros-indigo-kobuki-keyop-0.6.5-0trusty-20141202-0955/src/keyop_core.cpp,KeyOpCore::incrementLinearVelocity,411,/rosout,/keyop_vel_smoother/raw_cmd_vel,/mobile_base/commands/motor_power
1494449920431688795,19,1494449920483921334,,2,/keyop,KeyOp: linear  velocity incremented [0.25|1.11022e-16],/tmp/buildd/ros-indigo-kobuki-keyop-0.6.5-0trusty-20141202-0955/src/keyop_core.cpp,KeyOpCore::incrementLinearVelocity,411,/rosout,/keyop_vel_smoother/raw_cmd_vel,/mobile_base/commands/motor_power
1494449920606866259,20,1494449920661528319,,2,/keyop,KeyOp: linear  velocity incremented [0.3|1.11022e-16],/tmp/buildd/ros-indigo-kobuki-keyop-0.6.5-0trusty-20141202-0955/src/keyop_core.cpp,KeyOpCore::incrementLinearVelocity,411,/rosout,/keyop_vel_smoother/raw_cmd_vel,/mobile_base/commands/motor_power
1494449920773991154,21,1494449920821782003,,2,/keyop,KeyOp: linear  velocity incremented [0.35|1.11022e-16],/tmp/buildd/ros-indigo-kobuki-keyop-0.6.5-0trusty-20141202-0955/src/keyop_core.cpp,KeyOpCore::incrementLinearVelocity,411,/rosout,/keyop_vel_smoother/raw_cmd_vel,/mobile_base/commands/motor_power
1494449920960144631,22,1494449921014934004,,2,/keyop,KeyOp: linear  velocity incremented [0.4|1.11022e-16],/tmp/buildd/ros-indigo-kobuki-keyop-0.6.5-0trusty-20141202-0955/src/keyop_core.cpp,KeyOpCore::incrementLinearVelocity,411,/rosout,/keyop_vel_smoother/raw_cmd_vel,/mobile_base/commands/motor_power
1494449925154908654,23,1494449925209570903,,2,/keyop,KeyOp: linear  velocity decremented [0.35|1.11022e-16],/tmp/buildd/ros-indigo-kobuki-keyop-0.6.5-0trusty-20141202-0955/src/keyop_core.cpp,KeyOpCore::decrementLinearVelocity,430,/rosout,/keyop_vel_smoother/raw_cmd_vel,/mobile_base/commands/motor_power
1494449925310908915,24,1494449925366136595,,2,/keyop,KeyOp: linear  velocity decremented [0.3|1.11022e-16],/tmp/buildd/ros-indigo-kobuki-keyop-0.6.5-0trusty-20141202-0955/src/keyop_core.cpp,KeyOpCore::decrementLinearVelocity,430,/rosout,/keyop_vel_smoother/raw_cmd_vel,/mobile_base/commands/motor_power
1494449925458846945,25,1494449925513706910,,2,/keyop,KeyOp: linear  velocity decremented [0.25|1.11022e-16],/tmp/buildd/ros-indigo-kobuki-keyop-0.6.5-0trusty-20141202-0955/src/keyop_core.cpp,KeyOpCore::decrementLinearVelocity,430,/rosout,/keyop_vel_smoother/raw_cmd_vel,/mobile_base/commands/motor_power
1494449925641351425,26,1494449925695930783,,2,/keyop,KeyOp: linear  velocity decremented [0.2|1.11022e-16],/tmp/buildd/ros-indigo-kobuki-keyop-0.6.5-0trusty-20141202-0955/src/keyop_core.cpp,KeyOpCore::decrementLinearVelocity,430,/rosout,/keyop_vel_smoother/raw_cmd_vel,/mobile_base/commands/motor_power
1494449926177975116,27,1494449926232919981,,2,/keyop,KeyOp: linear  velocity decremented [0.15|1.11022e-16],/tmp/buildd/ros-indigo-kobuki-keyop-0.6.5-0trusty-20141202-0955/src/keyop_core.cpp,KeyOpCore::decrementLinearVelocity,430,/rosout,/keyop_vel_smoother/raw_cmd_vel,/mobile_base/commands/motor_power
1494449926761716682,28,1494449926808438550,,2,/keyop,KeyOp: linear  velocity decremented [0.1|1.11022e-16],/tmp/buildd/ros-indigo-kobuki-keyop-0.6.5-0trusty-20141202-0955/src/keyop_core.cpp,KeyOpCore::decrementLinearVelocity,430,/rosout,/keyop_vel_smoother/raw_cmd_vel,/mobile_base/commands/motor_power
1494449927183023349,29,1494449927236726468,,2,/keyop,KeyOp: linear  velocity decremented [0.05|1.11022e-16],/tmp/buildd/ros-indigo-kobuki-keyop-0.6.5-0trusty-20141202-0955/src/keyop_core.cpp,KeyOpCore::decrementLinearVelocity,430,/rosout,/keyop_vel_smoother/raw_cmd_vel,/mobile_base/commands/motor_power
1494449927823578155,30,1494449927878671115,,2,/keyop,KeyOp: linear  velocity decremented [1.38778e-17|1.11022e-16],/tmp/buildd/ros-indigo-kobuki-keyop-0.6.5-0trusty-20141202-0955/src/keyop_core.cpp,KeyOpCore::decrementLinearVelocity,430,/rosout,/keyop_vel_smoother/raw_cmd_vel,/mobile_base/commands/motor_power
1494449928442728806,31,1494449928497988648,,2,/keyop,KeyOp: angular velocity decremented [1.38778e-17|-0.33],/tmp/buildd/ros-indigo-kobuki-keyop-0.6.5-0trusty-20141202-0955/src/keyop_core.cpp,KeyOpCore::decrementAngularVelocity,468,/rosout,/keyop_vel_smoother/raw_cmd_vel,/mobile_base/commands/motor_power
1494449929282598513,32,1494449929337611210,,2,/keyop,KeyOp: angular velocity decremented [1.38778e-17|-0.66],/tmp/buildd/ros-indigo-kobuki-keyop-0.6.5-0trusty-20141202-0955/src/keyop_core.cpp,KeyOpCore::decrementAngularVelocity,468,/rosout,/keyop_vel_smoother/raw_cmd_vel,/mobile_base/commands/motor_power
1494449929503644238,33,1494449929557397868,,2,/keyop,KeyOp: angular velocity decremented [1.38778e-17|-0.99],/tmp/buildd/ros-indigo-kobuki-keyop-0.6.5-0trusty-20141202-0955/src/keyop_core.cpp,KeyOpCore::decrementAngularVelocity,468,/rosout,/keyop_vel_smoother/raw_cmd_vel,/mobile_base/commands/motor_power
1494449930617969593,34,1494449930673090620,,2,/keyop,KeyOp: angular velocity incremented [1.38778e-17|-0.66],/tmp/buildd/ros-indigo-kobuki-keyop-0.6.5-0trusty-20141202-0955/src/keyop_core.cpp,KeyOpCore::incrementAngularVelocity,449,/rosout,/keyop_vel_smoother/raw_cmd_vel,/mobile_base/commands/motor_power
1494449930844248749,35,1494449930899118791,,2,/keyop,KeyOp: angular velocity incremented [1.38778e-17|-0.33],/tmp/buildd/ros-indigo-kobuki-keyop-0.6.5-0trusty-20141202-0955/src/keyop_core.cpp,KeyOpCore::incrementAngularVelocity,449,/rosout,/keyop_vel_smoother/raw_cmd_vel,/mobile_base/commands/motor_power
1494449931953063978,36,1494449932008261349,,2,/keyop,KeyOp: angular velocity decremented [1.38778e-17|-0.66],/tmp/buildd/ros-indigo-kobuki-keyop-0.6.5-0trusty-20141202-0955/src/keyop_core.cpp,KeyOpCore::decrementAngularVelocity,468,/rosout,/keyop_vel_smoother/raw_cmd_vel,/mobile_base/commands/motor_power
1494449932320905496,37,1494449932374960434,,2,/keyop,KeyOp: angular velocity incremented [1.38778e-17|-0.33],/tmp/buildd/ros-indigo-kobuki-keyop-0.6.5-0trusty-20141202-0955/src/keyop_core.cpp,KeyOpCore::incrementAngularVelocity,449,/rosout,/keyop_vel_smoother/raw_cmd_vel,/mobile_base/commands/motor_power
1494449932889318061,38,1494449932944442829,,2,/keyop,KeyOp: angular velocity incremented [1.38778e-17|1.11022e-16],/tmp/buildd/ros-indigo-kobuki-keyop-0.6.5-0trusty-20141202-0955/src/keyop_core.cpp,KeyOpCore::incrementAngularVelocity,449,/rosout,/keyop_vel_smoother/raw_cmd_vel,/mobile_base/commands/motor_power
1494449933105339736,39,1494449933158825753,,2,/keyop,KeyOp: angular velocity incremented [1.38778e-17|0.33],/tmp/buildd/ros-indigo-kobuki-keyop-0.6.5-0trusty-20141202-0955/src/keyop_core.cpp,KeyOpCore::incrementAngularVelocity,449,/rosout,/keyop_vel_smoother/raw_cmd_vel,/mobile_base/commands/motor_power
1494449933681902990,40,1494449933735952858,,2,/keyop,KeyOp: angular velocity decremented [1.38778e-17|1.11022e-16],/tmp/buildd/ros-indigo-kobuki-keyop-0.6.5-0trusty-20141202-0955/src/keyop_core.cpp,KeyOpCore::decrementAngularVelocity,468,/rosout,/keyop_vel_smoother/raw_cmd_vel,/mobile_base/commands/motor_power
1494449934531968449,41,1494449934586532411,,2,/keyop,KeyOp: linear  velocity incremented [0.05|1.11022e-16],/tmp/buildd/ros-indigo-kobuki-keyop-0.6.5-0trusty-20141202-0955/src/keyop_core.cpp,KeyOpCore::incrementLinearVelocity,411,/rosout,/keyop_vel_smoother/raw_cmd_vel,/mobile_base/commands/motor_power
1494449934739910921,42,1494449934795025984,,2,/keyop,KeyOp: linear  velocity incremented [0.1|1.11022e-16],/tmp/buildd/ros-indigo-kobuki-keyop-0.6.5-0trusty-20141202-0955/src/keyop_core.cpp,KeyOpCore::incrementLinearVelocity,411,/rosout,/keyop_vel_smoother/raw_cmd_vel,/mobile_base/commands/motor_power
1494449934900691182,43,1494449934955291063,,2,/keyop,KeyOp: linear  velocity incremented [0.15|1.11022e-16],/tmp/buildd/ros-indigo-kobuki-keyop-0.6.5-0trusty-20141202-0955/src/keyop_core.cpp,KeyOpCore::incrementLinearVelocity,411,/rosout,/keyop_vel_smoother/raw_cmd_vel,/mobile_base/commands/motor_power
1494449935060425338,44,1494449935114765686,,2,/keyop,KeyOp: linear  velocity incremented [0.2|1.11022e-16],/tmp/buildd/ros-indigo-kobuki-keyop-0.6.5-0trusty-20141202-0955/src/keyop_core.cpp,KeyOpCore::incrementLinearVelocity,411,/rosout,/keyop_vel_smoother/raw_cmd_vel,/mobile_base/commands/motor_power
1494449935215628732,45,1494449935270812407,,2,/keyop,KeyOp: linear  velocity incremented [0.25|1.11022e-16],/tmp/buildd/ros-indigo-kobuki-keyop-0.6.5-0trusty-20141202-0955/src/keyop_core.cpp,KeyOpCore::incrementLinearVelocity,411,/rosout,/keyop_vel_smoother/raw_cmd_vel,/mobile_base/commands/motor_power
1494449935381617791,46,1494449935435965379,,2,/keyop,KeyOp: linear  velocity incremented [0.3|1.11022e-16],/tmp/buildd/ros-indigo-kobuki-keyop-0.6.5-0trusty-20141202-0955/src/keyop_core.cpp,KeyOpCore::incrementLinearVelocity,411,/rosout,/keyop_vel_smoother/raw_cmd_vel,/mobile_base/commands/motor_power
1494449936647789447,47,1494449936697898998,,2,/keyop,KeyOp: angular velocity decremented [0.3|-0.33],/tmp/buildd/ros-indigo-kobuki-keyop-0.6.5-0trusty-20141202-0955/src/keyop_core.cpp,KeyOpCore::decrementAngularVelocity,468,/rosout,/keyop_vel_smoother/raw_cmd_vel,/mobile_base/commands/motor_power
1494449937336808652,48,1494449937387509455,,2,/keyop,KeyOp: angular velocity incremented [0.3|1.11022e-16],/tmp/buildd/ros-indigo-kobuki-keyop-0.6.5-0trusty-20141202-0955/src/keyop_core.cpp,KeyOpCore::incrementAngularVelocity,449,/rosout,/keyop_vel_smoother/raw_cmd_vel,/mobile_base/commands/motor_power
1494449938073450682,49,1494449938128523137,,2,/keyop,KeyOp: linear  velocity incremented [0.35|1.11022e-16],/tmp/buildd/ros-indigo-kobuki-keyop-0.6.5-0trusty-20141202-0955/src/keyop_core.cpp,KeyOpCore::incrementLinearVelocity,411,/rosout,/keyop_vel_smoother/raw_cmd_vel,/mobile_base/commands/motor_power
1494449938239766222,50,1494449938294298977,,2,/keyop,KeyOp: linear  velocity incremented [0.4|1.11022e-16],/tmp/buildd/ros-indigo-kobuki-keyop-0.6.5-0trusty-20141202-0955/src/keyop_core.cpp,KeyOpCore::incrementLinearVelocity,411,/rosout,/keyop_vel_smoother/raw_cmd_vel,/mobile_base/commands/motor_power
1494449938414738976,51,1494449938470020688,,2,/keyop,KeyOp: linear  velocity incremented [0.45|1.11022e-16],/tmp/buildd/ros-indigo-kobuki-keyop-0.6.5-0trusty-20141202-0955/src/keyop_core.cpp,KeyOpCore::incrementLinearVelocity,411,/rosout,/keyop_vel_smoother/raw_cmd_vel,/mobile_base/commands/motor_power
1494449938583532001,52,1494449938637647228,,2,/keyop,KeyOp: linear  velocity incremented [0.5|1.11022e-16],/tmp/buildd/ros-indigo-kobuki-keyop-0.6.5-0trusty-20141202-0955/src/keyop_core.cpp,KeyOpCore::incrementLinearVelocity,411,/rosout,/keyop_vel_smoother/raw_cmd_vel,/mobile_base/commands/motor_power
1494449938741443395,53,1494449938796377933,,2,/keyop,KeyOp: linear  velocity incremented [0.55|1.11022e-16],/tmp/buildd/ros-indigo-kobuki-keyop-0.6.5-0trusty-20141202-0955/src/keyop_core.cpp,KeyOpCore::incrementLinearVelocity,411,/rosout,/keyop_vel_smoother/raw_cmd_vel,/mobile_base/commands/motor_power
1494449940209822352,54,1494449940263433004,,2,/keyop,KeyOp: linear  velocity decremented [0.5|1.11022e-16],/tmp/buildd/ros-indigo-kobuki-keyop-0.6.5-0trusty-20141202-0955/src/keyop_core.cpp,KeyOpCore::decrementLinearVelocity,430,/rosout,/keyop_vel_smoother/raw_cmd_vel,/mobile_base/commands/motor_power
1494449940377819365,55,1494449940433015282,,2,/keyop,KeyOp: linear  velocity decremented [0.45|1.11022e-16],/tmp/buildd/ros-indigo-kobuki-keyop-0.6.5-0trusty-20141202-0955/src/keyop_core.cpp,KeyOpCore::decrementLinearVelocity,430,/rosout,/keyop_vel_smoother/raw_cmd_vel,/mobile_base/commands/motor_power
1494449940545382766,56,1494449940600025446,,2,/keyop,KeyOp: linear  velocity decremented [0.4|1.11022e-16],/tmp/buildd/ros-indigo-kobuki-keyop-0.6.5-0trusty-20141202-0955/src/keyop_core.cpp,KeyOpCore::decrementLinearVelocity,430,/rosout,/keyop_vel_smoother/raw_cmd_vel,/mobile_base/commands/motor_power
1494449940723511635,57,1494449940778731349,,2,/keyop,KeyOp: linear  velocity decremented [0.35|1.11022e-16],/tmp/buildd/ros-indigo-kobuki-keyop-0.6.5-0trusty-20141202-0955/src/keyop_core.cpp,KeyOpCore::decrementLinearVelocity,430,/rosout,/keyop_vel_smoother/raw_cmd_vel,/mobile_base/commands/motor_power
1494449941072200475,58,1494449941127464360,,2,/keyop,KeyOp: linear  velocity decremented [0.3|1.11022e-16],/tmp/buildd/ros-indigo-kobuki-keyop-0.6.5-0trusty-20141202-0955/src/keyop_core.cpp,KeyOpCore::decrementLinearVelocity,430,/rosout,/keyop_vel_smoother/raw_cmd_vel,/mobile_base/commands/motor_power
1494449941265865288,59,1494449941321397652,,2,/keyop,KeyOp: linear  velocity decremented [0.25|1.11022e-16],/tmp/buildd/ros-indigo-kobuki-keyop-0.6.5-0trusty-20141202-0955/src/keyop_core.cpp,KeyOpCore::decrementLinearVelocity,430,/rosout,/keyop_vel_smoother/raw_cmd_vel,/mobile_base/commands/motor_power
1494449941451822537,60,1494449941507276021,,2,/keyop,KeyOp: linear  velocity decremented [0.2|1.11022e-16],/tmp/buildd/ros-indigo-kobuki-keyop-0.6.5-0trusty-20141202-0955/src/keyop_core.cpp,KeyOpCore::decrementLinearVelocity,430,/rosout,/keyop_vel_smoother/raw_cmd_vel,/mobile_base/commands/motor_power
1494449941731032303,61,1494449941785511181,,2,/keyop,KeyOp: linear  velocity decremented [0.15|1.11022e-16],/tmp/buildd/ros-indigo-kobuki-keyop-0.6.5-0trusty-20141202-0955/src/keyop_core.cpp,KeyOpCore::decrementLinearVelocity,430,/rosout,/keyop_vel_smoother/raw_cmd_vel,/mobile_base/commands/motor_power
1494449942098697199,62,1494449942152641439,,2,/keyop,KeyOp: linear  velocity decremented [0.1|1.11022e-16],/tmp/buildd/ros-indigo-kobuki-keyop-0.6.5-0trusty-20141202-0955/src/keyop_core.cpp,KeyOpCore::decrementLinearVelocity,430,/rosout,/keyop_vel_smoother/raw_cmd_vel,/mobile_base/commands/motor_power
1494449942946874856,63,1494449943000575437,,2,/keyop,KeyOp: linear  velocity decremented [0.05|1.11022e-16],/tmp/buildd/ros-indigo-kobuki-keyop-0.6.5-0trusty-20141202-0955/src/keyop_core.cpp,KeyOpCore::decrementLinearVelocity,430,/rosout,/keyop_vel_smoother/raw_cmd_vel,/mobile_base/commands/motor_power
1494449943383923232,64,1494449943437335332,,2,/keyop,KeyOp: linear  velocity decremented [1.38778e-17|1.11022e-16],/tmp/buildd/ros-indigo-kobuki-keyop-0.6.5-0trusty-20141202-0955/src/keyop_core.cpp,KeyOpCore::decrementLinearVelocity,430,/rosout,/keyop_vel_smoother/raw_cmd_vel,/mobile_base/commands/motor_power
1494449944019938009,65,1494449944075279273,,2,/keyop,KeyOp: angular velocity decremented [1.38778e-17|-0.33],/tmp/buildd/ros-indigo-kobuki-keyop-0.6.5-0trusty-20141202-0955/src/keyop_core.cpp,KeyOpCore::decrementAngularVelocity,468,/rosout,/keyop_vel_smoother/raw_cmd_vel,/mobile_base/commands/motor_power
1494449944416248979,66,1494449944471570515,,2,/keyop,KeyOp: angular velocity decremented [1.38778e-17|-0.66],/tmp/buildd/ros-indigo-kobuki-keyop-0.6.5-0trusty-20141202-0955/src/keyop_core.cpp,KeyOpCore::decrementAngularVelocity,468,/rosout,/keyop_vel_smoother/raw_cmd_vel,/mobile_base/commands/motor_power
1494449945294575590,67,1494449945347520783,,2,/keyop,KeyOp: angular velocity decremented [1.38778e-17|-0.99],/tmp/buildd/ros-indigo-kobuki-keyop-0.6.5-0trusty-20141202-0955/src/keyop_core.cpp,KeyOpCore::decrementAngularVelocity,468,/rosout,/keyop_vel_smoother/raw_cmd_vel,/mobile_base/commands/motor_power
1494449946737429981,68,1494449946792171575,,2,/keyop,KeyOp: angular velocity incremented [1.38778e-17|-0.66],/tmp/buildd/ros-indigo-kobuki-keyop-0.6.5-0trusty-20141202-0955/src/keyop_core.cpp,KeyOpCore::incrementAngularVelocity,449,/rosout,/keyop_vel_smoother/raw_cmd_vel,/mobile_base/commands/motor_power
1494449947240614966,69,1494449947295868858,,2,/keyop,KeyOp: angular velocity incremented [1.38778e-17|-0.33],/tmp/buildd/ros-indigo-kobuki-keyop-0.6.5-0trusty-20141202-0955/src/keyop_core.cpp,KeyOpCore::incrementAngularVelocity,449,/rosout,/keyop_vel_smoother/raw_cmd_vel,/mobile_base/commands/motor_power
1494449947413561345,70,1494449947468587152,,2,/keyop,KeyOp: angular velocity incremented [1.38778e-17|1.11022e-16],/tmp/buildd/ros-indigo-kobuki-keyop-0.6.5-0trusty-20141202-0955/src/keyop_core.cpp,KeyOpCore::incrementAngularVelocity,449,/rosout,/keyop_vel_smoother/raw_cmd_vel,/mobile_base/commands/motor_power
1494449948009812177,71,1494449948063983514,,2,/keyop,KeyOp: linear  velocity incremented [0.05|1.11022e-16],/tmp/buildd/ros-indigo-kobuki-keyop-0.6.5-0trusty-20141202-0955/src/keyop_core.cpp,KeyOpCore::incrementLinearVelocity,411,/rosout,/keyop_vel_smoother/raw_cmd_vel,/mobile_base/commands/motor_power
1494449948204133347,72,1494449948258990663,,2,/keyop,KeyOp: linear  velocity incremented [0.1|1.11022e-16],/tmp/buildd/ros-indigo-kobuki-keyop-0.6.5-0trusty-20141202-0955/src/keyop_core.cpp,KeyOpCore::incrementLinearVelocity,411,/rosout,/keyop_vel_smoother/raw_cmd_vel,/mobile_base/commands/motor_power
1494449948345790859,73,1494449948401191053,,2,/keyop,KeyOp: linear  velocity incremented [0.15|1.11022e-16],/tmp/buildd/ros-indigo-kobuki-keyop-0.6.5-0trusty-20141202-0955/src/keyop_core.cpp,KeyOpCore::incrementLinearVelocity,411,/rosout,/keyop_vel_smoother/raw_cmd_vel,/mobile_base/commands/motor_power
1494449948511133920,74,1494449948566394464,,2,/keyop,KeyOp: linear  velocity incremented [0.2|1.11022e-16],/tmp/buildd/ros-indigo-kobuki-keyop-0.6.5-0trusty-20141202-0955/src/keyop_core.cpp,KeyOpCore::incrementLinearVelocity,411,/rosout,/keyop_vel_smoother/raw_cmd_vel,/mobile_base/commands/motor_power
1494449948660723559,75,1494449948716086695,,2,/keyop,KeyOp: linear  velocity incremented [0.25|1.11022e-16],/tmp/buildd/ros-indigo-kobuki-keyop-0.6.5-0trusty-20141202-0955/src/keyop_core.cpp,KeyOpCore::incrementLinearVelocity,411,/rosout,/keyop_vel_smoother/raw_cmd_vel,/mobile_base/commands/motor_power
1494449948846520764,76,1494449948901764386,,2,/keyop,KeyOp: linear  velocity incremented [0.3|1.11022e-16],/tmp/buildd/ros-indigo-kobuki-keyop-0.6.5-0trusty-20141202-0955/src/keyop_core.cpp,KeyOpCore::incrementLinearVelocity,411,/rosout,/keyop_vel_smoother/raw_cmd_vel,/mobile_base/commands/motor_power
1494449956049361692,77,1494449956104831517,,2,/keyop,KeyOp: linear  velocity decremented [0.25|1.11022e-16],/tmp/buildd/ros-indigo-kobuki-keyop-0.6.5-0trusty-20141202-0955/src/keyop_core.cpp,KeyOpCore::decrementLinearVelocity,430,/rosout,/keyop_vel_smoother/raw_cmd_vel,/mobile_base/commands/motor_power
1494449956201308772,78,1494449956254930486,,2,/keyop,KeyOp: linear  velocity decremented [0.2|1.11022e-16],/tmp/buildd/ros-indigo-kobuki-keyop-0.6.5-0trusty-20141202-0955/src/keyop_core.cpp,KeyOpCore::decrementLinearVelocity,430,/rosout,/keyop_vel_smoother/raw_cmd_vel,/mobile_base/commands/motor_power
1494449956350140966,79,1494449956405640743,,2,/keyop,KeyOp: linear  velocity decremented [0.15|1.11022e-16],/tmp/buildd/ros-indigo-kobuki-keyop-0.6.5-0trusty-20141202-0955/src/keyop_core.cpp,KeyOpCore::decrementLinearVelocity,430,/rosout,/keyop_vel_smoother/raw_cmd_vel,/mobile_base/commands/motor_power
1494449956507573853,80,1494449956563260218,,2,/keyop,KeyOp: linear  velocity decremented [0.1|1.11022e-16],/tmp/buildd/ros-indigo-kobuki-keyop-0.6.5-0trusty-20141202-0955/src/keyop_core.cpp,KeyOpCore::decrementLinearVelocity,430,/rosout,/keyop_vel_smoother/raw_cmd_vel,/mobile_base/commands/motor_power
1494449956817068789,81,1494449956872020324,,2,/keyop,KeyOp: linear  velocity decremented [0.05|1.11022e-16],/tmp/buildd/ros-indigo-kobuki-keyop-0.6.5-0trusty-20141202-0955/src/keyop_core.cpp,KeyOpCore::decrementLinearVelocity,430,/rosout,/keyop_vel_smoother/raw_cmd_vel,/mobile_base/commands/motor_power
1494449957144660624,82,1494449957199037384,,2,/keyop,KeyOp: linear  velocity decremented [1.38778e-17|1.11022e-16],/tmp/buildd/ros-indigo-kobuki-keyop-0.6.5-0trusty-20141202-0955/src/keyop_core.cpp,KeyOpCore::decrementLinearVelocity,430,/rosout,/keyop_vel_smoother/raw_cmd_vel,/mobile_base/commands/motor_power
1494449957658394034,83,1494449957713880527,,2,/keyop,KeyOp: angular velocity decremented [1.38778e-17|-0.33],/tmp/buildd/ros-indigo-kobuki-keyop-0.6.5-0trusty-20141202-0955/src/keyop_core.cpp,KeyOpCore::decrementAngularVelocity,468,/rosout,/keyop_vel_smoother/raw_cmd_vel,/mobile_base/commands/motor_power
1494449958197212305,84,1494449958252591473,,2,/keyop,KeyOp: angular velocity decremented [1.38778e-17|-0.66],/tmp/buildd/ros-indigo-kobuki-keyop-0.6.5-0trusty-20141202-0955/src/keyop_core.cpp,KeyOpCore::decrementAngularVelocity,468,/rosout,/keyop_vel_smoother/raw_cmd_vel,/mobile_base/commands/motor_power
1494449958363188544,85,1494449958418829572,,2,/keyop,KeyOp: angular velocity decremented [1.38778e-17|-0.99],/tmp/buildd/ros-indigo-kobuki-keyop-0.6.5-0trusty-20141202-0955/src/keyop_core.cpp,KeyOpCore::decrementAngularVelocity,468,/rosout,/keyop_vel_smoother/raw_cmd_vel,/mobile_base/commands/motor_power
1494449958764187883,86,1494449958614342992,,2,/keyop,KeyOp: angular velocity decremented [1.38778e-17|-1.32],/tmp/buildd/ros-indigo-kobuki-keyop-0.6.5-0trusty-20141202-0955/src/keyop_core.cpp,KeyOpCore::decrementAngularVelocity,468,/rosout,/keyop_vel_smoother/raw_cmd_vel,/mobile_base/commands/motor_power
1494449959919774330,87,1494449959975000214,,2,/keyop,KeyOp: angular velocity incremented [1.38778e-17|-0.99],/tmp/buildd/ros-indigo-kobuki-keyop-0.6.5-0trusty-20141202-0955/src/keyop_core.cpp,KeyOpCore::incrementAngularVelocity,449,/rosout,/keyop_vel_smoother/raw_cmd_vel,/mobile_base/commands/motor_power
1494449960091446437,88,1494449960146558744,,2,/keyop,KeyOp: angular velocity incremented [1.38778e-17|-0.66],/tmp/buildd/ros-indigo-kobuki-keyop-0.6.5-0trusty-20141202-0955/src/keyop_core.cpp,KeyOpCore::incrementAngularVelocity,449,/rosout,/keyop_vel_smoother/raw_cmd_vel,/mobile_base/commands/motor_power
1494449960273108075,89,1494449960323616456,,2,/keyop,KeyOp: angular velocity incremented [1.38778e-17|-0.33],/tmp/buildd/ros-indigo-kobuki-keyop-0.6.5-0trusty-20141202-0955/src/keyop_core.cpp,KeyOpCore::incrementAngularVelocity,449,/rosout,/keyop_vel_smoother/raw_cmd_vel,/mobile_base/commands/motor_power
1494449960706484170,90,1494449960761543404,,2,/keyop,KeyOp: angular velocity incremented [1.38778e-17|1.11022e-16],/tmp/buildd/ros-indigo-kobuki-keyop-0.6.5-0trusty-20141202-0955/src/keyop_core.cpp,KeyOpCore::incrementAngularVelocity,449,/rosout,/keyop_vel_smoother/raw_cmd_vel,/mobile_base/commands/motor_power
1494449960905652896,91,1494449960958235357,,2,/keyop,KeyOp: angular velocity incremented [1.38778e-17|0.33],/tmp/buildd/ros-indigo-kobuki-keyop-0.6.5-0trusty-20141202-0955/src/keyop_core.cpp,KeyOpCore::incrementAngularVelocity,449,/rosout,/keyop_vel_smoother/raw_cmd_vel,/mobile_base/commands/motor_power
1494449961045594446,92,1494449961099971275,,2,/keyop,KeyOp: angular velocity incremented [1.38778e-17|0.66],/tmp/buildd/ros-indigo-kobuki-keyop-0.6.5-0trusty-20141202-0955/src/keyop_core.cpp,KeyOpCore::incrementAngularVelocity,449,/rosout,/keyop_vel_smoother/raw_cmd_vel,/mobile_base/commands/motor_power
1494449961450450248,93,1494449961505548829,,2,/keyop,KeyOp: angular velocity incremented [1.38778e-17|0.99],/tmp/buildd/ros-indigo-kobuki-keyop-0.6.5-0trusty-20141202-0955/src/keyop_core.cpp,KeyOpCore::incrementAngularVelocity,449,/rosout,/keyop_vel_smoother/raw_cmd_vel,/mobile_base/commands/motor_power
1494449961587626288,94,1494449961642885643,,2,/keyop,KeyOp: angular velocity decremented [1.38778e-17|0.66],/tmp/buildd/ros-indigo-kobuki-keyop-0.6.5-0trusty-20141202-0955/src/keyop_core.cpp,KeyOpCore::decrementAngularVelocity,468,/rosout,/keyop_vel_smoother/raw_cmd_vel,/mobile_base/commands/motor_power
1494449961813129247,95,1494449961868358959,,2,/keyop,KeyOp: angular velocity decremented [1.38778e-17|0.33],/tmp/buildd/ros-indigo-kobuki-keyop-0.6.5-0trusty-20141202-0955/src/keyop_core.cpp,KeyOpCore::decrementAngularVelocity,468,/rosout,/keyop_vel_smoother/raw_cmd_vel,/mobile_base/commands/motor_power
1494449961984326030,96,1494449962039482656,,2,/keyop,KeyOp: angular velocity decremented [1.38778e-17|1.11022e-16],/tmp/buildd/ros-indigo-kobuki-keyop-0.6.5-0trusty-20141202-0955/src/keyop_core.cpp,KeyOpCore::decrementAngularVelocity,468,/rosout,/keyop_vel_smoother/raw_cmd_vel,/mobile_base/commands/motor_power
1494449962163197896,97,1494449962218779312,,2,/keyop,KeyOp: angular velocity decremented [1.38778e-17|-0.33],/tmp/buildd/ros-indigo-kobuki-keyop-0.6.5-0trusty-20141202-0955/src/keyop_core.cpp,KeyOpCore::decrementAngularVelocity,468,/rosout,/keyop_vel_smoother/raw_cmd_vel,/mobile_base/commands/motor_power
1494449962529865272,98,1494449962584461301,,2,/keyop,KeyOp: angular velocity decremented [1.38778e-17|-0.66],/tmp/buildd/ros-indigo-kobuki-keyop-0.6.5-0trusty-20141202-0955/src/keyop_core.cpp,KeyOpCore::decrementAngularVelocity,468,/rosout,/keyop_vel_smoother/raw_cmd_vel,/mobile_base/commands/motor_power
1494449962906583704,99,1494449962961333778,,2,/keyop,KeyOp: angular velocity incremented [1.38778e-17|-0.33],/tmp/buildd/ros-indigo-kobuki-keyop-0.6.5-0trusty-20141202-0955/src/keyop_core.cpp,KeyOpCore::incrementAngularVelocity,449,/rosout,/keyop_vel_smoother/raw_cmd_vel,/mobile_base/commands/motor_power
1494449963405376400,100,1494449963460165136,,2,/keyop,KeyOp: angular velocity incremented [1.38778e-17|1.11022e-16],/tmp/buildd/ros-indigo-kobuki-keyop-0.6.5-0trusty-20141202-0955/src/keyop_core.cpp,KeyOpCore::incrementAngularVelocity,449,/rosout,/keyop_vel_smoother/raw_cmd_vel,/mobile_base/commands/motor_power
1494449965977889754,101,1494449966032251781,,2,/keyop,KeyOp: linear  velocity incremented [0.05|1.11022e-16],/tmp/buildd/ros-indigo-kobuki-keyop-0.6.5-0trusty-20141202-0955/src/keyop_core.cpp,KeyOpCore::incrementLinearVelocity,411,/rosout,/keyop_vel_smoother/raw_cmd_vel,/mobile_base/commands/motor_power
1494449966294431300,102,1494449966348900281,,2,/keyop,KeyOp: linear  velocity incremented [0.1|1.11022e-16],/tmp/buildd/ros-indigo-kobuki-keyop-0.6.5-0trusty-20141202-0955/src/keyop_core.cpp,KeyOpCore::incrementLinearVelocity,411,/rosout,/keyop_vel_smoother/raw_cmd_vel,/mobile_base/commands/motor_power
1494449966496220613,103,1494449966551806278,,2,/keyop,KeyOp: linear  velocity incremented [0.15|1.11022e-16],/tmp/buildd/ros-indigo-kobuki-keyop-0.6.5-0trusty-20141202-0955/src/keyop_core.cpp,KeyOpCore::incrementLinearVelocity,411,/rosout,/keyop_vel_smoother/raw_cmd_vel,/mobile_base/commands/motor_power
1494449967685860665,104,1494449967741136928,,2,/keyop,KeyOp: linear  velocity incremented [0.2|1.11022e-16],/tmp/buildd/ros-indigo-kobuki-keyop-0.6.5-0trusty-20141202-0955/src/keyop_core.cpp,KeyOpCore::incrementLinearVelocity,411,/rosout,/keyop_vel_smoother/raw_cmd_vel,/mobile_base/commands/motor_power
1494449968311229405,105,1494449968366785039,,2,/keyop,KeyOp: linear  velocity incremented [0.25|1.11022e-16],/tmp/buildd/ros-indigo-kobuki-keyop-0.6.5-0trusty-20141202-0955/src/keyop_core.cpp,KeyOpCore::incrementLinearVelocity,411,/rosout,/keyop_vel_smoother/raw_cmd_vel,/mobile_base/commands/motor_power
1494449968535214494,106,1494449968590656391,,2,/keyop,KeyOp: linear  velocity incremented [0.3|1.11022e-16],/tmp/buildd/ros-indigo-kobuki-keyop-0.6.5-0trusty-20141202-0955/src/keyop_core.cpp,KeyOpCore::incrementLinearVelocity,411,/rosout,/keyop_vel_smoother/raw_cmd_vel,/mobile_base/commands/motor_power
1494449968988631082,107,1494449969044257317,,2,/keyop,KeyOp: angular velocity incremented [0.3|0.33],/tmp/buildd/ros-indigo-kobuki-keyop-0.6.5-0trusty-20141202-0955/src/keyop_core.cpp,KeyOpCore::incrementAngularVelocity,449,/rosout,/keyop_vel_smoother/raw_cmd_vel,/mobile_base/commands/motor_power
1494449969444150277,108,1494449969498422987,,2,/keyop,KeyOp: angular velocity decremented [0.3|1.11022e-16],/tmp/buildd/ros-indigo-kobuki-keyop-0.6.5-0trusty-20141202-0955/src/keyop_core.cpp,KeyOpCore::decrementAngularVelocity,468,/rosout,/keyop_vel_smoother/raw_cmd_vel,/mobile_base/commands/motor_power
1494449970057204178,109,1494449970112405145,,2,/keyop,KeyOp: angular velocity incremented [0.3|0.33],/tmp/buildd/ros-indigo-kobuki-keyop-0.6.5-0trusty-20141202-0955/src/keyop_core.cpp,KeyOpCore::incrementAngularVelocity,449,/rosout,/keyop_vel_smoother/raw_cmd_vel,/mobile_base/commands/motor_power
1494449970845568445,110,1494449970901301005,,2,/keyop,KeyOp: angular velocity decremented [0.3|1.11022e-16],/tmp/buildd/ros-indigo-kobuki-keyop-0.6.5-0trusty-20141202-0955/src/keyop_core.cpp,KeyOpCore::decrementAngularVelocity,468,/rosout,/keyop_vel_smoother/raw_cmd_vel,/mobile_base/commands/motor_power
1494449974974960277,111,1494449975030472384,,2,/keyop,KeyOp: linear  velocity decremented [0.25|1.11022e-16],/tmp/buildd/ros-indigo-kobuki-keyop-0.6.5-0trusty-20141202-0955/src/keyop_core.cpp,KeyOpCore::decrementLinearVelocity,430,/rosout,/keyop_vel_smoother/raw_cmd_vel,/mobile_base/commands/motor_power
1494449975120721515,112,1494449975171636663,,2,/keyop,KeyOp: linear  velocity decremented [0.2|1.11022e-16],/tmp/buildd/ros-indigo-kobuki-keyop-0.6.5-0trusty-20141202-0955/src/keyop_core.cpp,KeyOpCore::decrementLinearVelocity,430,/rosout,/keyop_vel_smoother/raw_cmd_vel,/mobile_base/commands/motor_power
1494449975266734306,113,1494449975321627025,,2,/keyop,KeyOp: linear  velocity decremented [0.15|1.11022e-16],/tmp/buildd/ros-indigo-kobuki-keyop-0.6.5-0trusty-20141202-0955/src/keyop_core.cpp,KeyOpCore::decrementLinearVelocity,430,/rosout,/keyop_vel_smoother/raw_cmd_vel,/mobile_base/commands/motor_power
1494449975473243273,114,1494449975528804944,,2,/keyop,KeyOp: linear  velocity decremented [0.1|1.11022e-16],/tmp/buildd/ros-indigo-kobuki-keyop-0.6.5-0trusty-20141202-0955/src/keyop_core.cpp,KeyOpCore::decrementLinearVelocity,430,/rosout,/keyop_vel_smoother/raw_cmd_vel,/mobile_base/commands/motor_power
1494449977024044463,115,1494449977079834552,,2,/keyop,KeyOp: linear  velocity decremented [0.05|1.11022e-16],/tmp/buildd/ros-indigo-kobuki-keyop-0.6.5-0trusty-20141202-0955/src/keyop_core.cpp,KeyOpCore::decrementLinearVelocity,430,/rosout,/keyop_vel_smoother/raw_cmd_vel,/mobile_base/commands/motor_power
1494449977528389155,116,1494449977584227825,,2,/keyop,KeyOp: linear  velocity decremented [1.38778e-17|1.11022e-16],/tmp/buildd/ros-indigo-kobuki-keyop-0.6.5-0trusty-20141202-0955/src/keyop_core.cpp,KeyOpCore::decrementLinearVelocity,430,/rosout,/keyop_vel_smoother/raw_cmd_vel,/mobile_base/commands/motor_power
